ID,PredictionFor2017
4,0
5,1
7,0
9,0
11,0
15,0
16,1
18,0
22,0
23,0
31,0
32,0
37,0
40,0
41,0
45,0
46,0
50,0
51,0
53,0
55,0
57,0
63,0
64,0
66,0
67,0
68,1
70,0
74,0
87,0
90,0
94,1
98,0
105,0
107,0
109,0
110,0
112,0
123,0
132,0
133,0
134,0
135,0
137,0
138,0
141,0
142,0
144,0
145,0
151,0
154,0
158,0
163,1
165,0
168,0
169,0
170,0
177,0
178,0
180,0
193,0
194,0
196,0
198,0
201,0
202,0
205,0
212,0
214,0
221,0
226,0
234,0
240,0
248,0
252,1
253,0
264,0
271,1
278,0
280,0
287,0
289,0
291,0
292,0
295,0
306,0
308,0
314,0
315,0
320,0
322,0
323,0
324,0
326,1
328,0
341,0
346,0
351,0
352,0
353,0
354,0
356,0
364,0
367,0
374,0
375,0
378,1
380,0
383,0
384,0
387,0
395,0
397,0
408,0
410,1
412,0
419,1
421,0
423,0
426,0
428,0
431,0
436,1
438,0
448,0
461,0
462,0
469,1
473,0
476,0
479,1
480,0
481,0
482,0
483,0
489,0
490,1
491,0
493,0
494,0
495,0
497,0
499,0
501,0
504,1
521,0
523,0
524,0
526,0
528,0
538,1
543,0
544,0
548,1
550,0
555,1
559,0
561,0
562,0
566,0
574,0
579,0
581,1
583,0
588,0
589,0
592,0
594,0
601,0
603,0
607,0
608,0
610,0
612,0
624,0
627,0
629,0
634,0
635,1
638,0
644,0
652,0
657,0
658,0
659,0
660,0
661,0
663,0
664,0
666,0
668,0
670,0
680,0
682,0
692,0
693,0
697,1
700,1
701,0
703,0
704,0
708,0
714,0
720,0
721,0
724,0
729,0
740,0
749,0
752,0
759,0
762,1
765,0
769,1
770,0
772,0
773,0
774,0
776,0
779,0
786,0
788,0
789,1
796,0
797,0
801,0
804,0
805,0
808,0
813,0
819,0
820,0
833,0
834,0
837,0
846,0
847,0
850,1
855,0
857,0
861,1
870,0
874,0
877,0
886,1
887,0
891,0
904,0
909,0
913,0
918,0
922,0
928,0
936,0
937,0
938,0
942,0
945,0
951,1
955,1
957,0
959,0
963,1
971,0
979,0
981,0
985,0
986,0
996,0
1000,0
1013,0
1015,0
1025,0
1026,0
1031,0
1034,0
1038,1
1042,0
1049,0
1052,0
1053,0
1057,1
1058,0
1059,0
1061,0
1062,0
1063,1
1065,0
1066,0
1067,1
1071,0
1072,0
1080,0
1081,0
1082,0
1084,0
1089,0
1093,0
1096,0
1101,0
1106,1
1107,0
1108,0
1114,0
1116,0
1118,0
1120,0
1121,0
1125,0
1131,0
1136,1
1142,0
1144,0
1146,0
1148,1
1150,0
1153,0
1158,0
1165,0
1167,0
1173,0
1175,0
1183,0
1186,1
1187,0
1190,0
1191,0
1196,1
1201,0
1218,0
1220,0
1224,0
1233,0
1235,0
1243,0
1245,0
1246,0
1249,0
1250,0
1252,0
1256,1
1257,0
1272,0
1284,0
1286,0
1287,0
1289,0
1290,0
1292,0
1293,0
1297,1
1298,1
1307,0
1315,0
1319,0
1320,0
1333,0
1337,0
1353,0
1354,0
1355,0
1356,0
1364,0
1367,0
1377,0
1380,0
1382,0
1383,0
1385,1
1389,0
1392,0
1394,0
1396,0
1397,0
1398,0
1400,0
1404,0
1408,1
1415,0
1418,0
1423,0
1427,0
1429,0
1432,0
1434,0
1440,0
1444,1
1448,0
1449,0
1452,0
1453,1
1454,1
1457,0
1463,0
1468,0
1472,0
1473,0
1474,1
1482,0
1483,0
1489,0
1490,1
1493,0
1495,0
1498,1
1500,0
1503,0
1505,0
1511,0
1515,1
1518,1
1521,1
1525,0
1536,0
1538,0
1544,0
1548,0
1551,0
1553,0
1570,0
1574,0
1580,0
1589,0
1592,0
1593,0
1596,0
1599,0
1604,0
1606,0
1609,0
1612,0
1613,0
1623,1
1625,0
1626,0
1632,0
1635,0
1637,0
1640,1
1643,1
1645,0
1647,0
1651,0
1659,1
1661,0
1663,0
1665,0
1669,1
1677,0
1678,0
1696,0
1699,0
1700,0
1702,0
1703,0
1716,0
1719,0
1725,0
1728,0
1735,0
1741,0
1759,1
1763,0
1772,0
1779,0
1785,1
1788,0
1791,0
1792,0
1795,0
1797,0
1800,1
1814,0
1815,0
1819,0
1820,0
1829,0
1832,0
1837,0
1840,0
1843,0
1844,0
1854,0
1855,0
1858,0
1862,0
1865,0
1867,0
1871,0
1873,0
1876,0
1881,0
1886,0
1887,0
1890,0
1894,0
1895,0
1901,0
1902,0
1903,1
1908,0
1912,0
1916,0
1917,0
1918,0
1922,0
1925,0
1928,0
1930,0
1947,0
1948,0
1949,0
1952,0
1953,0
1954,0
1957,0
1959,0
1960,0
1971,0
1976,0
1977,0
1978,0
1987,0
2001,1
2012,0
2014,0
2015,0
2025,0
2027,0
2028,0
2031,1
2034,1
2036,0
2043,0
2049,0
2053,0
2060,0
2067,0
2071,0
2075,0
2076,0
2090,1
2092,0
2097,0
2098,0
2101,0
2108,0
2109,0
2112,0
2114,0
2117,0
2124,0
2128,0
2130,0
2132,0
2134,0
2138,0
2143,0
2145,0
2147,0
2153,0
2154,0
2158,0
2160,0
2161,0
2168,0
2169,1
2172,0
2174,1
2176,0
2182,0
2185,0
2189,0
2191,0
2194,0
2197,0
2203,0
2204,0
2208,0
2211,1
2213,0
2215,0
2216,0
2220,0
2225,0
2226,0
2230,0
2233,0
2235,0
2239,1
2243,0
2247,0
2250,0
2253,0
2255,0
2256,0
2262,1
2263,0
2264,0
2265,0
2267,0
2272,0
2280,0
2281,0
2284,0
2289,0
2290,0
2292,0
2295,0
2303,0
2315,0
2319,0
2321,0
2322,0
2332,0
2336,1
2340,0
2343,0
2348,0
2351,0
2353,0
2366,0
2371,1
2376,0
2383,0
2385,0
2389,1
2392,0
2395,1
2400,0
2407,0
2410,0
2415,0
2420,0
2422,0
2436,0
2440,1
2441,0
2444,0
2446,0
2453,0
2456,0
2458,0
2461,0
2467,0
2475,0
2476,0
2489,0
2492,0
2494,1
2497,0
2500,0
2502,1
2504,1
2506,0
2512,0
2514,0
2516,0
2519,0
2522,0
2524,0
2525,0
2532,0
2534,0
2535,0
2541,0
2542,0
2546,0
2550,0
2552,0
2554,0
2555,0
2557,0
2562,0
2569,0
2571,0
2575,0
2577,1
2584,0
2585,0
2588,0
2596,0
2602,0
2604,0
2608,0
2611,0
2612,0
2614,0
2618,0
2619,0
2621,0
2624,0
2626,0
2631,0
2632,0
2653,0
2655,0
2659,0
2663,0
2669,1
2672,0
2678,0
2685,0
2687,0
2691,1
2693,0
2694,1
2696,0
2701,1
2703,0
2713,0
2725,0
2731,0
2733,0
2746,0
2749,0
2750,0
2755,0
2758,0
2759,0
2765,0
2768,0
2770,1
2782,0
2783,0
2786,0
2787,0
2791,0
2794,0
2802,0
2808,1
2809,0
2810,0
2811,0
2816,0
2819,0
2820,0
2835,0
2837,0
2839,0
2840,0
2842,0
2858,0
2868,0
2869,1
2873,0
2876,0
2877,0
2882,0
2884,0
2897,0
2898,1
2899,0
2903,0
2911,0
2923,0
2927,0
2928,0
2939,0
2940,0
2945,0
2946,1
2953,0
2957,0
2958,0
2975,0
2978,0
2979,0
2982,0
2999,0
3004,0
3011,0
3018,0
3025,0
3026,0
3029,0
3030,0
3035,0
3037,0
3043,0
3045,0
3046,0
3048,0
3052,0
3059,0
3063,0
3066,0
3071,1
3072,0
3078,0
3082,0
3085,0
3086,0
3088,0
3089,1
3090,1
3094,0
3095,0
3101,0
3103,0
3107,0
3110,0
3111,0
3112,0
3114,0
3120,0
3124,0
3131,1
3133,1
3135,0
3136,0
3140,0
3142,0
3149,0
3150,0
3152,0
3153,0
3155,0
3156,0
3164,0
3166,0
3168,0
3171,1
3172,0
3174,0
3178,0
3182,0
3183,1
3185,0
3191,0
3192,0
3203,1
3205,0
3206,0
3207,0
3212,0
3216,1
3219,0
3223,0
3224,0
3225,0
3230,0
3231,0
3232,0
3234,0
3235,0
3238,0
3246,0
3247,0
3249,0
3252,0
3253,0
3256,0
3261,0
3264,0
3266,0
3270,1
3272,0
3273,1
3276,0
3277,0
3282,0
3285,0
3291,0
3293,0
3296,0
3298,0
3303,0
3304,0
3308,0
3314,0
3315,0
3317,0
3322,0
3326,0
3328,0
3333,0
3336,0
3344,0
3346,0
3349,0
3350,1
3359,0
3361,0
3363,0
3364,0
3366,0
3370,0
3373,0
3377,0
3380,0
3383,0
3387,0
3388,1
3390,0
3393,0
3394,0
3396,1
3400,0
3402,0
3404,0
3408,0
3409,0
3410,0
3413,1
3414,0
3418,0
3419,0
3420,0
3421,0
3425,0
3427,0
3429,0
3435,1
3439,0
3441,0
3443,1
3449,1
3451,0
3452,0
3453,0
3458,0
3460,0
3465,0
3466,0
3468,1
3469,0
3472,0
3475,0
3479,1
3480,0
3481,0
3482,0
3485,0
3486,1
3489,0
3491,0
3496,0
3501,0
3502,1
3507,0
3509,0
3511,0
3515,0
3516,0
3517,0
3519,0
3523,0
3525,0
3529,1
3535,1
3536,0
3539,0
3543,0
3545,0
3546,0
3555,0
3557,1
3560,0
3562,0
3566,0
3567,0
3570,0
3573,0
3585,0
3588,1
3600,0
3618,0
3620,1
3624,0
3629,0
3631,1
3632,0
3633,0
3635,0
3637,0
3641,0
3645,1
3649,0
3652,0
3654,0
3660,0
3666,0
3669,0
3671,0
3673,0
3676,0
3680,0
3690,0
3691,0
3695,0
3700,0
3715,0
3718,0
3721,0
3722,0
3723,0
3726,0
3727,0
3730,0
3731,0
3733,0
3738,0
3739,0
3742,0
3743,0
3744,1
3749,0
3750,0
3752,0
3754,0
3756,0
3758,0
3759,0
3761,0
3763,0
3764,0
3768,0
3771,0
3774,0
3779,0
3786,0
3787,0
3791,0
3797,0
3799,0
3800,0
3802,1
3803,0
3804,0
3806,0
3817,1
3818,0
3829,0
3831,0
3832,0
3839,0
3840,0
3841,0
3844,0
3847,0
3848,0
3850,0
3851,0
3852,0
3855,0
3858,0
3861,0
3864,0
3865,0
3867,0
3868,0
3871,0
3872,0
3873,0
3874,0
3879,0
3881,0
3883,1
3884,0
3891,0
3892,0
3893,0
3896,0
3901,0
3904,0
3908,0
3909,0
3912,0
3920,0
3927,0
3929,0
3939,0
3942,0
3943,1
3944,0
3945,0
3946,0
3947,0
3948,0
3950,0
3951,0
3956,0
3959,1
3960,0
3961,0
3963,0
3967,0
3971,0
3974,0
3979,0
3980,0
3984,0
3988,0
3989,0
3990,1
3992,0
3993,0
3994,0
3997,1
3998,0
4003,0
4008,0
4009,0
4010,0
4014,0
4017,0
4022,0
4028,0
4029,0
4030,0
4031,0
4032,0
4033,0
4038,0
4040,0
4043,0
4045,0
4048,0
4052,0
4057,0
4061,0
4068,1
4070,1
4072,0
4075,0
4084,0
4088,0
4094,0
4098,0
4099,0
4100,0
4103,0
4112,0
4113,0
4115,0
4119,1
4120,0
4122,0
4123,0
4126,0
4127,0
4133,0
4141,0
4143,0
4144,0
4145,0
4147,0
4148,0
4150,0
4151,0
4152,0
4153,0
4154,1
4156,0
4162,0
4164,0
4174,1
4176,0
4177,0
4179,0
4183,1
4184,0
4185,0
4186,0
4190,0
4199,0
4202,0
4203,0
4208,0
4210,0
4215,0
4216,0
4225,0
4228,0
4235,0
4236,0
4238,0
4240,0
4241,0
4242,0
4243,0
4246,0
4254,0
4255,0
4257,0
4268,0
4273,0
4278,0
4281,0
4283,1
4284,0
4285,0
4286,0
4287,0
4291,0
4298,0
4299,0
4300,0
4302,0
4307,0
4308,0
4309,0
4311,0
4312,0
4316,0
4318,0
4319,0
4321,0
4323,1
4325,0
4333,0
4336,0
4338,1
4342,0
4343,0
4346,0
4349,0
4351,0
4357,0
4360,0
4362,0
4363,0
4364,1
4365,0
4379,0
4383,0
4384,0
4385,1
4386,0
4391,0
4393,1
4398,0
4399,0
4409,0
4418,0
4420,0
4425,0
4427,0
4432,0
4434,0
4439,0
4448,0
4449,0
4450,0
4452,0
4456,0
4458,0
4459,1
4472,0
4479,1
4485,0
4486,0
4488,0
4492,0
4496,0
4499,0
4501,0
4503,0
4510,0
4511,0
4513,0
4514,0
4519,0
4529,0
4531,0
4540,1
4546,0
4547,0
4555,0
4560,0
4562,1
4566,0
4572,0
4579,0
4581,0
4587,0
4590,0
4592,1
4596,0
4599,0
4603,0
4606,0
4607,1
4619,0
4620,1
4623,0
4624,0
4625,1
4629,0
4630,0
4632,0
4633,0
4639,0
4641,0
4647,0
4652,0
4654,0
4660,0
4662,0
4670,0
4671,0
4672,0
4685,0
4686,0
4691,1
4693,0
4694,0
4699,0
4705,0
4712,0
4720,0
4721,0
4723,0
4725,0
4728,0
4733,0
4734,0
4747,0
4759,0
4764,0
4765,0
4770,0
4776,0
4778,0
4780,1
4787,0
4793,0
4803,0
4804,0
4809,0
4810,0
4813,0
4815,0
4819,0
4827,0
4829,0
4832,0
4843,0
4859,0
4863,1
4865,0
4866,0
4870,0
4871,0
4872,0
4876,0
4877,1
4882,0
4888,0
4891,0
4896,0
4897,0
4903,0
4906,0
4911,0
4912,0
4913,0
4916,0
4919,0
4921,0
4936,0
4941,0
4944,0
4948,0
4958,0
4960,0
4970,0
4975,0
4980,0
4982,0
4990,0
4991,0
4992,0
4994,0
5000,0
5005,0
5006,0
5019,0
5022,0
5023,0
5031,0
5034,0
5036,0
5040,0
5044,0
5050,0
5052,0
5053,0
5054,0
5055,0
5061,0
5066,0
5070,0
5074,0
5083,0
5091,0
5092,0
5094,0
5097,0
5102,0
5105,0
5106,0
5108,0
5110,0
5116,0
5119,0
5120,0
5143,0
5145,0
5146,0
5152,0
5157,0
5165,0
5168,0
5169,0
5176,0
5177,0
5185,0
5186,0
5188,0
5192,0
5194,0
5197,1
5206,0
5215,0
5221,0
5222,0
5226,0
5229,0
5233,0
5236,0
5239,0
5242,0
5243,0
5252,0
5254,1
5256,0
5260,0
5263,0
5265,1
5266,0
5272,0
5278,0
5279,0
5297,0
5301,0
5305,0
5321,0
5322,0
5326,0
5329,0
5339,0
5349,0
5350,0
5355,0
5361,0
5363,0
5371,0
5378,0
5385,0
5389,0
5390,0
5391,0
5392,0
5400,0
5403,0
5404,0
5407,0
5410,0
5411,0
5413,1
5418,0
5422,1
5425,0
5430,0
5435,0
5436,0
5437,0
5443,0
5447,1
5449,0
5450,0
5455,0
5463,0
5467,0
5469,0
5477,0
5478,0
5481,0
5482,0
5483,0
5492,0
5499,0
5502,0
5509,0
5512,0
5516,0
5517,0
5518,0
5521,0
5523,0
5533,0
5534,0
5537,0
5540,0
5543,0
5546,0
5548,0
5552,0
5553,0
5555,0
5558,0
5559,1
5564,0
5569,0
5572,0
5573,0
5578,0
5583,0
5589,0
5591,0
5594,0
5597,0
5600,0
5609,0
5619,0
5620,0
5625,0
5632,0
5633,0
5638,0
5640,0
5643,0
5644,0
5646,1
5651,0
5654,0
5662,1
5667,0
5669,0
5673,0
5674,0
5677,0
5679,1
5683,0
5686,0
5688,0
5689,0
5690,0
5695,0
5698,0
5699,0
5704,0
5707,0
5711,0
5714,0
5717,1
5726,0
5734,0
5737,0
5738,0
5739,0
5749,1
5758,0
5764,0
5767,0
5768,0
5770,0
5771,0
5776,0
5782,0
5786,0
5787,0
5792,0
5793,0
5798,0
5801,0
5802,0
5806,0
5809,0
5812,0
5813,0
5814,0
5815,1
5816,0
5823,0
5826,0
5828,0
5831,0
5834,0
5836,0
5844,0
5845,0
5848,0
5855,0
5857,0
5862,0
5863,0
5866,0
5869,0
5871,0
5878,0
5886,0
5888,0
5899,0
5915,0
5923,0
5929,0
5931,0
5936,0
5938,0
5939,0
5945,0
5947,0
5950,0
5955,0
5965,0
5973,0
5975,0
5980,0
5989,0
5993,0
5996,0
5998,0
6005,0
6014,0
6016,0
6018,0
6021,0
6022,0
6024,0
6028,0
6031,0
6039,0
6042,0
6059,0
6067,0
6068,0
6074,0
6082,0
6083,0
6085,0
6087,0
6088,0
6091,0
6094,0
6115,0
6116,0
6117,0
6119,0
6127,0
6128,0
6131,0
6132,0
6135,0
6153,0
6158,0
6176,0
6178,0
6192,0
6210,0
6211,1
6214,0
6220,0
6226,0
6228,0
6233,0
6234,0
6236,0
6238,0
6250,0
6256,1
6268,0
6269,0
6270,0
6276,1
6279,0
6281,0
6286,0
6287,0
6289,0
6290,0
6293,0
6304,0
6309,0
6311,0
6318,0
6319,0
6321,0
6323,0
6327,0
6328,0
6341,0
6349,0
6351,0
6355,0
6363,0
6364,0
6366,0
6372,0
6377,0
6385,0
6394,0
6395,0
6398,0
6399,0
6404,0
6416,0
6417,0
6418,0
6420,0
6421,0
6424,0
6431,0
6433,0
6434,0
6435,0
6441,0
6444,0
6445,0
6446,0
6448,0
6461,0
6463,0
6464,0
6470,0
6475,0
6482,0
6488,0
6491,0
6502,0
6507,0
6510,0
6512,0
6523,1
6530,0
6540,0
6558,0
6559,0
6560,0
6563,0
6565,0
6567,0
6569,0
6572,0
6574,0
6576,0
6577,0
6600,0
6603,0
6610,0
6618,0
6622,0
6623,0
6637,0
6638,0
6639,0
6651,0
6659,0
6663,0
6666,0
6674,0
6678,0
6683,0
6684,0
6688,0
6689,0
6694,0
6706,0
6710,0
6719,0
6721,0
6723,0
6729,0
6731,0
6733,0
6734,0
6735,0
6736,0
6737,0
6738,1
6740,0
6741,0
6742,0
6750,0
6752,0
6753,0
6767,0
6774,0
6776,0
6780,0
6781,0
6792,1
6797,0
6799,0
6803,0
6813,0
6817,0
6821,0
6842,0
6845,0
6846,0
6865,0
6866,0
6876,1
6877,0
6879,0
6891,0
6892,0
6894,0
6909,0
6918,0
6921,0
6922,0
6923,0
6925,1
6926,0
6931,0
6932,0
6933,0
6937,0
6940,0
6942,0
6945,0
6955,0
6965,0
6970,0
6972,0
6974,0
6975,0
6977,1
6993,0
6995,0
7029,0
7031,0
7035,0
7037,0
7038,0
7047,0
7048,0
7050,0
7051,0
7053,0
7056,0
7057,0
7074,0
7078,0
7079,1
7080,0
7081,0
7101,0
7103,0
7115,0
7118,0
7121,0
7122,0
7128,0
7130,0
7131,0
7133,0
7134,0
7152,0
7153,0
7160,0
7163,0
7173,0
7175,0
7178,1
7182,0
7183,0
7189,0
7190,0
7198,0
7200,0
7203,0
7209,1
7218,0
7221,0
7230,0
7250,0
7254,0
7257,0
7269,0
7273,0
7275,0
7288,0
7297,0
7299,0
7311,0
7312,0
7335,0
7336,0
7351,1
7357,0
7367,0
7374,0
7381,0
7388,0
7392,0
7405,0
7410,0
7411,0
7413,0
7414,0
7420,0
7421,0
7423,0
7430,0
7445,0
7457,0
7469,0
7470,0
7489,0
7491,0
7492,0
7502,0
7507,0
7515,0
7531,0
7532,0
7543,0
7552,0
7570,0
7577,0
7584,0
7590,0
7592,0
7593,0
7594,0
7601,0
7608,0
7611,0
7616,0
7623,0
7633,0
7641,0
7644,0
7648,0
7649,0
7656,0
7657,0
7662,0
7676,0
7678,0
7680,0
7684,0
7686,0
7691,0
7702,0
7708,0
7713,0
7715,0
7716,0
7721,0
7727,0
7729,0
7730,0
7739,0
7750,0
7760,0
7777,0
7780,0
7783,0
7788,1
7795,0
7796,0
7810,0
7823,0
7830,0
7834,0
7838,0
7851,0
7853,0
7854,0
7860,0
7862,0
7865,0
7869,0
7870,0
7883,0
7887,0
7889,0
7890,0
7893,0
7896,0
7903,0
7911,0
7918,0
7920,1
7922,0
7924,0
7944,0
7953,0
7954,0
7963,0
7971,0
7977,1
8010,0
8011,0
8023,0
8027,0
8029,0
8032,0
8033,0
8039,0
8040,0
8047,0
8056,0
8059,0
8063,0
8064,0
8075,0
8076,0
8082,0
8087,0
8098,0
8102,0
8103,0
8105,1
8112,1
8122,0
8129,0
8141,0
8152,0
8163,0
8180,0
8182,0
8192,0
8194,0
8223,0
8238,0
8243,0
8244,0
8245,0
8248,0
8250,0
8263,0
8275,0
8278,0
8285,0
8302,0
8304,0
8319,0
8323,0
8325,0
8331,0
8332,0
8337,0
8340,0
8341,0
8342,0
8345,0
8354,0
8357,0
8363,0
8367,0
8371,0
8385,0
8399,0
8401,0
8412,0
8413,0
8414,0
8418,0
8419,0
8438,0
8446,0
8449,0
8462,0
8476,0
8496,0
8509,1
8513,0
8517,0
8520,0
8521,0
8522,0
8532,0
8540,0
8547,0
8549,0
8552,0
8570,0
8600,0
8613,0
8615,0
8617,0
8620,0
8621,0
8622,0
8623,0
8624,0
8645,0
8652,0
8663,0
8666,0
8667,0
8668,0
8669,0
8672,0
8674,0
8675,0
8678,0
8691,0
8695,0
8698,0
8703,0
8705,0
8714,0
8717,0
8719,0
8720,0
8725,0
8726,0
8731,0
8737,0
8739,0
8751,0
8754,0
8760,0
8769,0
8770,0
8775,0
8777,0
8778,0
8783,0
8786,0
8792,0
8796,1
8799,0
8800,0
8803,0
8804,0
8811,0
8812,0
8814,0
8820,0
8823,0
8832,0
8837,0
8841,0
8847,0
8866,0
8867,0
8886,0
8889,0
8892,0
8899,0
8906,0
8916,0
8927,0
8934,0
8946,0
8950,0
8955,0
8966,0
8970,0
8974,1
8989,0
8992,0
8998,0
9011,0
9014,1
9019,0
9025,0
9036,0
9037,0
9046,0
9050,0
9051,0
9052,0
9053,0
9054,0
9057,0
9058,0
9059,0
9062,0
9066,0
9068,0
9088,0
9090,0
9092,0
9100,0
9102,0
9119,0
9126,0
9130,0
9151,0
9152,0
9163,0
9164,0
9172,1
9175,0
9178,0
9181,0
9187,0
9190,0
9193,0
9195,0
9213,0
9225,0
9236,0
9246,0
9248,0
9274,0
9278,0
9288,0
9295,0
9311,0
9312,0
9317,0
9319,0
9323,0
9327,0
9329,0
9334,0
9337,0
9360,0
9374,0
9377,0
9391,0
9392,0
9396,0
9411,0
9426,0
9433,0
9437,0
9439,0
9450,0
9455,0
9466,0
9467,0
9477,0
9490,0
9491,0
9502,0
9507,0
9509,0
9512,0
9519,0
9527,0
9538,0
9540,0
9545,0
9546,0
9559,1
9564,0
9567,0
9571,0
9578,0
9579,0
9588,0
9599,0
9603,0
9608,0
9611,0
9617,0
9618,0
9625,1
9627,0
9633,0
9636,0
9644,0
9654,0
9655,0
9659,0
9675,0
9677,0
9700,0
9703,0
9710,0
9740,0
9752,0
9760,1
9761,0
9767,0
9773,0
9775,0
9777,0
9780,0
9785,0
9788,0
9794,0
9796,0
9797,0
9807,0
9810,0
9815,0
9818,0
9836,0
9843,0
9845,0
9853,0
9858,0
9861,0
9862,0
9869,0
9879,0
9882,0
9885,0
9899,0
9902,0
9908,0
9924,0
9934,0
9937,0
9939,0
9942,0
9943,0
9956,0
9961,0
9963,0
9970,0
9973,0
9974,0
9982,0
9993,0
9996,0
9997,0
10000,0
10001,0
10013,0
10014,0
10016,0
10018,0
10020,0
10022,0
10023,0
10025,0
10029,0
10032,0
10039,0
10052,0
10057,0
10068,0
10069,0
10071,0
10088,0
10090,0
10096,0
10099,0
10103,0
10106,0
10107,0
10108,0
10112,0
10113,0
10124,0
10142,0
10145,0
10148,0
10149,0
10150,0
10152,0
10154,0
10163,0
10164,0
10173,0
10181,0
10192,0
10208,0
10218,0
10239,0
10243,0
10249,0
10260,0
10264,0
10265,0
10269,0
10281,0
10283,0
10286,1
10287,0
10289,0
10295,0
10302,0
10304,0
10334,0
10337,0
10339,0
10367,0
10374,0
10376,0
10377,0
10382,0
10391,0
10394,0
10396,0
10397,0
10402,0
10406,0
10412,0
10414,0
10427,0
10428,0
10435,0
10442,0
10453,0
10462,0
10463,0
10473,0
10475,0
10479,0
10483,0
10490,0
10494,0
10495,0
10505,0
10506,0
10514,0
10529,0
10542,0
10548,0
10554,0
10558,0
10566,0
10567,0
10568,0
10575,0
10585,0
10591,0
10595,0
10599,0
10602,0
10611,0
10613,0
10621,0
10628,0
10631,0
10634,0
10635,0
10636,0
10641,0
10652,0
10658,0
10659,0
10660,0
10670,0
10692,0
10710,0
10713,0
10718,0
10721,1
10723,0
10729,0
10732,1
10749,0
10751,0
10755,0
10762,1
10775,0
10778,0
10782,0
10784,0
10788,0
10790,0
10800,0
10804,0
10810,0
10811,0
10812,0
10843,0
10860,0
10864,0
10870,0
10887,0
10891,0
10898,0
10913,1
10923,0
10930,0
10933,0
10934,0
10946,0
10949,0
10963,0
10985,0
10992,1
10994,0
11001,0
11020,0
11031,0
11037,0
11038,0
11046,1
11054,0
11076,0
11092,0
11112,0
11118,0
11120,0
11125,0
11127,0
11135,0
11139,0
11168,0
11179,0
11184,0
11185,0
11189,0
11192,0
11193,0
11201,0
11205,0
11210,0
11213,0
11216,0
11221,1
11223,0
11235,0
11238,0
11243,0
11250,0
11251,0
11252,0
11254,0
11260,0
11268,0
11269,0
11277,0
11294,0
11316,0
11336,0
11344,0
11346,0
11350,0
11360,0
11362,0
11364,0
11365,0
11369,0
11370,0
11382,0
11383,0
11392,0
11393,0
11402,0
11405,0
11411,0
11422,0
11440,0
11450,0
11459,0
11461,0
11464,0
11471,0
11472,0
11491,0
11493,0
11494,0
11503,0
11508,0
11521,0
11527,0
11530,0
11539,0
11546,0
11549,0
11554,0
11561,0
11567,0
11579,0
11581,0
11583,0
11587,0
11591,0
11593,0
11596,0
11613,0
11619,0
11627,0
11629,0
11637,0
11643,0
11644,0
11648,0
11650,0
11655,0
11662,0
11663,0
11664,0
11678,0
11679,0
11714,0
11724,0
11726,0
11746,0
11752,0
11753,0
11754,0
11759,0
11765,0
11767,0
11768,0
11769,0
11776,0
11781,0
11794,0
11798,0
11803,0
11809,0
11810,0
11816,0
11822,0
11825,0
11826,0
11836,0
11837,0
11842,0
11847,0
11848,0
11849,0
11853,0
11854,0
11870,0
11875,0
11881,0
11890,0
11891,0
11895,0
11900,0
11917,0
11937,0
11939,0
11940,0
11942,0
11944,0
11961,0
11962,0
11967,0
11982,0
11991,0
11996,0
11997,0
12000,0
12011,0
12017,0
12021,0
12026,0
12027,0
12031,0
12034,0
12035,0
12036,0
12039,0
12060,0
12061,0
12068,0
12069,0
12075,0
12079,0
12086,0
12087,0
12089,0
12090,0
12108,0
12109,0
12110,0
12113,0
12116,0
12122,0
12126,0
12141,0
12145,0
12152,0
12154,0
12165,0
12167,0
12178,0
12183,0
12189,0
12192,0
12198,0
12204,0
12206,0
12214,0
12215,0
12217,0
12218,0
12227,0
12243,0
12257,0
12261,0
12270,0
12275,0
12277,0
12287,0
12294,0
12305,0
12306,0
12308,0
12329,0
12332,0
12334,0
12338,0
12343,0
12347,0
12365,0
12367,0
12374,0
12381,0
12383,0
12390,0
12398,0
12406,0
12411,0
12416,0
12417,0
12418,0
12422,0
12429,0
12435,0
12453,0
12457,0
12463,0
12465,0
12470,0
12477,0
12478,0
12486,0
12503,0
12504,0
12518,0
12519,0
12525,0
12526,0
12528,0
12540,0
12545,0
12559,0
12570,0
12574,0
12589,0
12594,0
12600,0
12601,0
12615,0
12627,0
12628,0
12631,0
12634,0
12636,0
12642,0
12643,0
12654,0
12656,0
12658,0
12660,0
12661,0
12663,0
12668,0
12669,0
12673,0
12701,0
12731,0
12734,0
12749,0
12752,0
12753,0
12755,0
12773,0
12776,0
12783,0
12801,0
12811,0
12818,0
12840,0
12847,0
12856,0
12859,0
12861,0
12862,0
12864,0
12878,0
12883,0
12886,0
12901,0
12903,0
12909,0
12925,0
12926,0
12929,0
12939,0
12942,0
12944,0
12947,0
12948,1
12960,0
12963,0
12971,0
12980,0
12987,0
12992,0
13008,0
13033,0
13034,0
13048,0
13051,0
13052,0
13065,0
13073,0
13084,0
13085,0
13091,0
13102,0
13116,0
13118,0
13137,0
13140,0
13152,0
13160,0
13175,0
13178,0
13182,0
13193,0
13194,0
13196,0
13199,0
13210,0
13214,0
13239,0
13250,0
13251,0
13255,0
13257,0
13260,0
13263,0
13265,0
13266,0
13271,0
13286,0
13290,0
13291,0
13296,0
13300,0
13304,0
13306,0
13311,0
13315,0
13321,0
13323,0
13328,0
13332,0
13339,0
13342,0
13343,0
13351,0
13353,0
13354,0
13355,0
13361,0
13364,0
13375,0
13378,0
13379,0
13389,0
13394,0
13410,0
13414,0
13416,0
13420,0
13423,0
13425,0
13427,0
13431,0
13438,0
13443,0
13449,0
13455,0
13458,0
13465,0
13471,0
13473,0
13476,0
13487,0
13494,0
13495,0
13498,0
13501,0
13512,0
13519,0
13521,0
13524,0
13527,0
13529,0
13530,0
13532,0
13537,0
13541,0
13545,1
13556,0
13559,0
13570,0
13572,0
13574,0
13591,0
13595,0
13599,0
13602,0
13604,0
13605,0
13608,0
13616,0
13626,0
13627,0
13630,0
13632,0
13645,0
13660,0
13665,0
13670,0
13674,0
13675,0
13676,0
13681,0
13697,0
13702,0
13705,0
13706,0
13707,0
13709,0
13712,0
13722,0
13723,0
13727,0
13731,0
13739,0
13742,0
13745,0
13747,0
13748,0
13762,0
13765,0
13773,0
13775,0
13776,0
13786,0
13790,0
13815,0
13820,0
13821,0
13830,0
13834,0
13848,0
13852,0
13855,0
13862,0
13866,0
13884,0
13887,0
13890,0
13899,0
13900,0
13902,0
13904,0
13910,0
13911,0
13914,0
13918,0
13920,0
13923,0
13924,0
13928,0
13935,0
13937,0
13951,0
13955,0
13960,0
13961,0
13963,0
13964,0
13982,0
13991,0
13992,0
13998,0
14010,0
14012,0
14013,0
14019,0
14029,0
14031,0
14036,0
14040,0
14041,0
14043,0
14053,0
14064,0
14072,0
14077,0
14080,0
14082,0
14086,0
14094,0
14104,0
14120,0
14123,0
14132,0
14134,0
14136,0
14139,0
14141,0
14148,0
14155,0
14168,0
14169,0
14178,0
14187,0
14188,0
14193,0
14214,0
14217,0
14225,0
14226,0
14227,0
14235,0
14236,0
14239,0
14240,0
14245,0
14292,0
14293,0
14294,0
14296,0
14297,0
14300,0
14312,0
14313,0
14314,0
14319,0
14323,0
14327,0
14337,0
14340,0
14344,0
14347,0
14355,0
14358,0
14359,0
14360,0
14361,0
14365,0
14371,0
14373,0
14384,0
14396,0
14398,0
14399,0
14409,0
14410,0
14411,0
14417,0
14418,0
14419,0
14424,0
14431,0
14438,0
14440,0
14445,0
14447,0
14450,0
14451,0
14452,0
14460,0
14465,0
14477,0
14483,0
14486,0
14489,0
14492,0
14504,0
14508,0
14511,0
14516,0
14520,0
14529,0
14531,0
14538,0
14552,0
14555,0
14557,0
14562,0
14563,0
14565,0
14567,0
14571,0
14574,0
14583,0
14585,0
14592,0
14594,0
14597,0
14607,0
14609,0
14611,0
14622,0
14634,0
14636,0
14642,0
14643,0
14660,0
14661,0
14665,0
14672,0
14692,0
14701,0
14708,0
14714,0
14720,0
14724,0
14736,0
14743,0
14747,0
14750,0
14757,0
14758,0
14762,0
14769,0
14770,0
14771,0
14775,0
14779,0
14785,0
14789,0
14794,0
14798,0
14804,0
14812,0
14814,0
14817,0
14820,0
14822,0
14836,0
14840,0
14847,0
14848,0
14863,0
14866,0
14875,0
14892,0
14893,0
14897,0
14898,0
14899,0
14908,0
14913,0
14919,0
14936,0
14945,0
14946,0
14948,0
14949,0
14955,0
14959,0
14961,0
14964,0
14965,0
14971,0
14972,0
14973,0
14977,0
14991,0
14992,0
14993,0
15002,0
15004,0
15007,0
15011,0
15017,0
15024,0
15029,0
15032,0
15049,0
15052,0
15056,0
15066,0
15080,0
15088,0
15089,0
15094,0
15103,0
15110,0
15114,0
15116,0
15119,0
15137,0
15140,0
15145,0
15148,0
15149,0
15155,0
15157,0
15162,0
15173,0
15183,0
15184,0
15186,0
15190,0
15211,0
15220,0
15223,0
15225,0
15229,0
15230,0
15240,0
15249,0
15251,0
15252,0
15267,0
15279,0
15280,0
15290,0
15303,0
15314,0
15318,0
15326,0
15334,0
15338,0
15346,0
15367,0
15371,0
15374,0
15375,0
15381,0
15385,0
15387,0
15395,0
15396,0
15402,0
15407,0
15408,0
15417,0
15420,0
15421,0
15428,0
15445,0
15446,0
15465,0
15467,0
15475,0
15477,0
15485,0
15490,0
15511,0
15515,0
15518,0
15519,0
15525,0
15526,0
15527,0
15537,0
15544,0
15547,0
15552,0
15569,0
15587,0
15589,0
15594,0
15598,0
15608,0
15611,0
15621,0
15622,0
15623,0
15638,0
15639,0
15649,0
15655,0
15662,0
15669,0
15672,0
15673,0
15675,0
15683,0
15684,0
15693,0
15700,0
15701,0
15702,0
15707,0
15708,0
15711,0
15726,0
15727,0
15731,0
15733,0
15739,0
15745,0
15748,0
15755,0
15764,0
15770,0
15775,0
15776,0
15779,0
15781,0
15786,0
15789,0
15792,0
15799,0
15802,0
15808,0
15811,0
15813,0
15815,0
15823,0
15832,0
15842,0
15845,0
15848,0
15853,0
15857,0
15864,0
15865,0
15871,0
15877,0
15882,0
15883,0
15891,0
15901,0
15906,0
15909,0
15922,0
15923,0
15936,0
15940,0
15944,0
15945,0
15952,0
15953,0
15956,0
15958,0
15960,0
15980,0
15987,0
15988,0
16001,0
16002,0
16003,0
16008,0
16010,0
16013,0
16014,0
16018,0
16028,0
16048,0
16049,0
16052,0
16059,0
16066,0
16067,0
16089,0
16091,0
16092,0
16100,0
16106,0
16109,0
16110,0
16111,0
16113,0
16127,0
16129,0
16132,0
16146,0
16150,0
16161,0
16174,0
16176,0
16182,0
16194,0
16195,0
16198,0
16199,0
16207,0
16210,0
16236,0
16241,0
16243,0
16252,0
16261,0
16273,0
16276,0
16283,0
16284,0
16285,0
16297,0
16305,0
16311,0
16313,0
16314,0
16316,0
16318,0
16320,0
16321,0
16328,0
16336,0
16341,0
16349,0
16356,0
16360,0
16362,0
16363,0
16365,0
16373,0
16375,0
16381,0
16385,0
16387,0
16392,0
16394,0
16397,0
16402,0
16403,0
16404,0
16406,0
16430,0
16435,0
16437,0
16442,0
16450,0
16475,0
16476,0
16477,0
16492,0
16501,0
16504,0
16510,0
16518,0
16524,0
16525,0
16526,0
16530,0
16535,0
16549,0
16553,0
16557,0
16567,0
16578,0
16587,0
16593,0
16596,1
16599,0
16600,0
16609,0
16622,0
16623,0
16636,0
16638,0
16642,0
16644,0
16651,0
16654,0
16657,0
16659,0
16660,0
16667,0
16676,0
16678,0
16680,0
16682,0
16711,0
16712,0
16721,0
16724,0
16735,0
16742,0
16747,0
16748,0
16758,0
16760,0
16777,0
16789,0
16790,0
16797,0
16801,0
16811,0
16816,0
16818,0
16825,0
16838,0
16843,0
16851,0
16864,0
16872,0
16876,0
16880,0
16887,0
16897,0
16911,0
16912,0
16920,0
16930,0
16934,0
16942,0
16945,0
16955,0
17001,0
17005,0
17011,0
17022,0
17026,0
17032,0
17040,0
17054,0
17056,0
17064,0
17070,0
17073,0
17101,0
17111,0
17113,0
17122,0
17124,0
17138,0
17142,0
17157,0
17168,0
17169,0
17180,0
17194,0
17196,0
17197,0
17199,0
17201,0
17202,0
17222,0
17232,0
17248,0
17250,0
17251,0
17253,0
17267,0
17273,0
17276,0
17278,0
17282,0
17287,0
17288,0
17292,0
17295,0
17298,0
17313,0
17319,0
17321,0
17323,0
17324,0
17326,0
17327,0
17332,0
17333,0
17340,0
17346,0
17356,0
17361,0
17368,0
17371,0
17373,0
17378,0
17381,0
17384,0
17387,0
17389,0
17393,0
17394,0
17400,0
17403,0
17412,0
17413,0
17415,0
17417,0
17420,0
17426,0
17427,0
17429,0
17434,0
17439,0
17463,0
17468,0
17473,0
17491,0
17493,0
17496,0
17502,0
17510,0
17517,0
17518,0
17537,0
17544,0
17552,0
17558,0
17559,0
17577,0
17584,0
17594,0
17597,0
17598,0
17601,0
17606,0
17608,0
17611,0
17614,0
17620,0
17623,0
17633,0
17634,0
17640,0
17643,0
17644,0
17652,0
17654,0
17663,0
17673,0
17682,0
17686,0
17699,0
17724,0
17733,0
17735,0
17753,0
17765,0
17767,0
17772,0
17782,0
17787,0
17796,0
17810,0
17826,0
17829,0
17832,0
17851,0
17856,0
17862,0
17864,0
17869,0
17872,0
17884,0
17896,0
17898,0
17926,0
17946,0
17950,0
17952,0
17966,0
17974,0
17975,0
17976,0
17984,0
18008,0
18012,0
18023,0
18027,0
18037,0
18051,0
18070,0
18073,0
18083,0
18091,0
18092,0
18094,0
18102,0
18116,0
18132,0
18138,0
18139,0
18140,0
18141,0
18142,0
18144,0
18151,0
18155,0
18156,0
18160,0
18169,0
18172,0
18173,0
18176,0
18183,0
18194,0
18211,0
18212,0
18220,0
18226,0
18228,0
18239,0
18241,0
18243,0
18248,0
18252,0
18256,0
18258,0
18260,0
18264,0
18272,0
18274,0
18276,0
18282,0
18287,0
18295,0
18296,0
18297,0
18299,0
18314,0
18323,0
18325,0
18331,0
18341,0
18344,0
18360,0
18364,0
18368,0
18370,0
18373,0
18381,0
18383,0
18394,0
18398,0
18422,0
18423,0
18431,0
18436,0
18456,0
18465,0
18469,0
18477,0
18478,0
18483,0
18486,0
18489,0
18490,0
18497,0
18510,0
18512,0
18522,0
18523,0
18526,0
18527,0
18532,0
18553,0
18568,0
18571,0
18578,0
18582,0
18583,0
18589,0
18595,0
18596,0
18601,0
18606,0
18615,0
18619,0
18630,0
18644,0
18647,0
18652,0
18660,0
18668,0
18673,0
18677,0
18686,0
18687,0
18688,0
18692,0
18708,0
18710,0
18715,0
18718,0
18739,0
18741,0
18744,0
18750,0
18752,0
18762,0
18769,0
18780,0
18795,0
18798,0
18802,0
18808,0
18812,0
18821,0
18827,0
18836,0
18844,0
18878,0
18879,0
18890,0
18891,0
18893,0
18899,0
18903,0
18905,0
18911,0
18931,0
18938,0
18940,0
18941,0
18944,0
18964,0
18966,0
18969,0
18988,0
18990,0
19025,0
19051,0
19053,0
19067,0
19070,0
19072,0
19073,0
19077,0
19080,0
19081,0
19083,0
19091,0
19098,0
19109,0
19110,0
19115,0
19116,0
19117,0
19119,0
19120,0
19134,0
19151,0
19152,0
19165,0
19167,0
19183,0
19186,0
19193,0
19201,0
19203,0
19204,0
19206,0
19207,0
19219,0
19220,0
19223,0
19225,0
19226,0
19229,0
19236,0
19237,0
19241,0
19242,0
19263,0
19268,0
19272,0
19278,0
19284,0
19294,0
19297,0
19300,0
19301,0
19305,0
19314,0
19319,0
19339,0
19344,0
19351,0
19354,0
19382,0
19402,0
19406,0
19414,0
19421,0
19423,0
19428,0
19440,0
19443,0
19448,0
19451,0
19452,0
19456,0
19460,0
19463,0
19466,0
19468,0
19472,0
19475,0
19484,0
19487,0
19488,0
19491,0
19496,0
19514,0
19519,0
19520,0
19521,0
19522,0
19524,0
19541,0
19553,0
19555,0
19570,0
19571,0
19572,0
19577,0
19581,0
19584,0
19588,0
19596,0
19598,0
19600,0
19604,0
19609,0
19610,0
19613,0
19621,0
19626,0
19627,0
19628,0
19629,0
19631,0
19645,0
19647,0
19664,0
19667,0
19668,0
19683,0
19684,0
19686,0
19711,0
19712,0
19717,0
19722,0
19727,0
19737,0
19741,0
19746,0
19760,0
19763,0
19764,0
19765,0
19767,0
19769,0
19775,0
19797,0
19800,0
19811,0
19812,0
19853,0
19856,0
19868,0
19870,0
19876,0
19891,0
19892,0
19903,0
19912,0
19928,0
19954,0
19964,0
19967,0
19982,0
19985,0
19990,0
19991,0
20012,0
20015,0
20027,0
20029,0
20033,0
20035,0
20038,0
20039,0
20057,0
20061,0
20064,0
20066,0
20070,0
20072,0
20080,0
20086,0
20092,0
20093,0
20112,0
20116,0
20117,0
20127,0
20168,0
20230,0
20234,0
20236,0
20243,0
20246,0
20249,0
20253,0
20270,0
20286,0
20298,0
20313,0
20337,0
20346,0
20357,0
20362,0
20367,0
20369,0
20371,0
20375,0
20408,0
20411,0
20421,0
20423,0
20438,0
20465,0
20484,0
20490,0
20506,0
20521,0
20526,0
20527,0
20528,0
20543,0
20565,0
20568,0
20575,0
20584,0
20591,0
20612,0
20630,0
20632,0
20638,0
20649,0
20655,0
20660,0
20709,0
20728,0
20737,0
20739,0
20744,0
20750,0
20769,0
20783,0
20795,0
20799,0
20813,0
20836,0
20886,0
20891,0
20894,0
20896,0
20903,0
20911,0
20913,0
20927,0
20945,0
20961,0
20968,0
20971,0
20981,0
21008,0
21012,0
21015,0
21016,0
21045,0
21046,0
21050,0
21073,0
21075,0
21079,0
21099,0
21132,0
21141,0
21147,0
21155,0
21159,0
21168,0
21170,0
21190,0
21207,0
21215,0
21216,0
21249,0
21281,0
21293,0
21297,0
21311,0
21349,0
21357,0
21366,0
21368,0
21376,0
21394,0
21403,0
21415,0
21422,0
21426,0
21442,0
21449,0
21481,0
21489,0
21497,0
21504,0
21515,0
21542,0
21569,0
21597,0
21621,0
21634,0
21644,0
21672,0
21683,0
21688,0
21692,0
21707,0
21718,0
21733,0
21740,0
21760,0
21761,0
21765,0
21767,0
21772,0
21796,0
21802,0
21821,0
21830,0
21833,0
21872,0
21873,0
21878,0
21880,0
21886,0
21935,0
21941,0
21945,0
21948,0
21949,0
21959,0
21966,0
21969,0
22019,0
22054,0
22077,0
22084,0
22085,0
22100,0
22115,0
22117,0
22148,0
22162,0
22179,0
22188,0
22197,0
22204,0
22216,0
22219,0
22221,0
22228,0
22276,0
22287,0
22294,0
22301,0
22319,0
22322,0
22338,0
22361,0
22363,0
22372,0
22389,0
22397,0
22401,0
22404,0
22410,0
22430,0
22431,0
22452,0
22457,0
22485,0
22493,0
22517,0
22525,0
22540,0
22557,0
22566,0
22567,0
22588,0
22590,0
22636,0
22669,0
22674,0
22695,0
22706,0
22731,0
22744,0
22746,0
22751,0
22757,0
22765,0
22773,0
22777,0
22793,0
22801,0
22803,0
22805,0
22853,0
22878,0
22889,0
22906,0
22948,0
22993,0
22996,0
23020,0
23046,0
23050,0
23066,0
23074,0
23080,0
23087,0
23134,0
23150,0
23181,0
23218,0
23236,0
23272,0
23274,0
23308,0
23311,0
23312,0
23315,0
23388,0
23403,0
23406,0
23409,0
23439,0
23480,0
23503,0
23537,0
23554,0
23577,0
23600,0
23622,0
23629,0
23659,0
23678,0
23696,0
23740,0
23761,0
23837,0
23878,0
23880,0
23903,0
23924,0
23977,0
24003,0
24008,0
24027,0
24045,0
24076,0
24093,0
24109,0
24155,0
24172,0
24223,0
24252,0
24259,0
24271,0
24290,0
24295,0
24397,0
24427,0
24445,0
24454,0
24459,0
24460,0
24482,0
24514,0
24698,0
24718,0
24744,0
24785,0
24812,0
24820,0
24821,0
24864,0
24880,0
24891,0
24899,0
24901,0
24936,0
24953,0
24961,0
24978,0
24979,0
25072,0
25078,0
25100,0
25106,0
25113,0
25156,0
25180,0
25199,0
25204,0
25205,0
25218,0
25233,0
25235,0
25242,0
25270,0
25274,0
25285,0
25292,0
25304,0
25313,0
25328,0
25337,0
25371,0
25396,0
25403,0
25418,0
25450,0
25458,0
25473,0
25491,0
25506,0
25509,0
25546,0
25596,0
25609,0
25665,0
25681,0
25683,0
25783,0
25805,0
25825,0
25829,0
25868,0
25878,0
25919,0
25953,0
25999,0
26028,0
26034,0
26040,0
26111,0
26123,0
26135,0
26175,0
26178,0
26194,0
26236,0
26251,0
26285,0
26311,0
26315,0
26325,0
26360,0
26375,0
26423,0
26424,0
26442,0
26458,0
26464,0
26490,0
26496,0
26498,0
26501,0
26514,0
26520,0
26530,0
26595,0
26599,0
26607,0
26610,0
26619,0
26625,0
26639,0
26647,0
26661,0
26704,0
26706,0
26717,0
26723,0
26730,0
26745,0
26755,0
26801,0
26830,0
26840,0
26844,0
26849,0
26861,0
26892,0
26917,0
26925,0
26932,0
26937,0
26956,0
26968,0
26976,0
26981,0
26989,0
27009,0
27032,0
27037,0
27055,0
27068,0
27078,0
27086,0
27124,0
27141,0
27145,0
27154,0
27158,0
27167,0
27175,0
27204,0
27212,0
27217,0
27228,0
27235,0
27292,0
27313,0
27322,0
27337,0
27340,0
27341,0
27346,0
27349,0
27368,0
27381,0
27407,0
27466,0
27484,0
27486,0
27514,0
27566,0
27569,0
27589,0
27607,0
27626,0
27628,0
27632,0
27655,0
27662,0
27673,0
27703,0
27711,0
27733,0
27765,0
27786,0
27805,0
27843,0
27845,0
27854,0
27863,0
27865,0
27878,0
27889,0
27891,0
27962,0
27967,0
28029,0
28054,0
28063,0
28067,0
28086,0
28112,0
28126,0
28208,0
28237,0
28265,0
28267,0
28277,0
28307,0
28363,0
28365,0
28379,0
28389,0
28414,0
28425,0
28428,0
28434,0
28446,0
28474,0
28479,0
28480,0
28501,0
28518,0
28521,0
28536,0
28554,0
28565,0
